matej,6c338154925e00989cfd03e5b67b850a77dadf3e6ec4916f975baecf0c58b2c3e148ea67d5cc9fd6d2b596353cfb9395320ceb14c2985fec618546ba802c1fb2
john,893900c24f07ba3745a84522e0b590886538868a6f0b169a6f8373a25eb5014e43c3f4424c74f77433c44116580959ab2b3095d42dc813befcaad4c06ff33c8d
polona,5c2262ad7863e88358189a3beac5f92846401d9d1a23ee0b2d4fa6e3d5fbe37df08967ea31742c3c69b5e89a493c34ad9dcba7ec5934f109c0e90f2c174675a0
liam,142b4f9e9d7319c6122fdb432b46d312b4f05171275573a9198de9327d0f3a81fa2a84f0c193d5011955766890a5de0fb3df3ecd4d504c0aa01465ad13b85b79
noah,dcc4bde5af9b22868cc3f1e0a3644b50de5dfdb4fb3d69cafee1f91503a32aff83ce0168dcec5959f75a6affd8658d4f40381a3c39f976f8a75888431b417b36
oliver,8999f830831dde822399c7f5fedf51c64e0e9c19b8a374dea58d6d642d32cc1f0fa19bf4cec1144ae1c2e0c3e7b08cc17e3cd625ca950a01d2f061151e0edd1e
william,591f5f4074af7d473c05ddce843ac1b634a843d0210474afbeddb7fc90ab3f6da86f460fe60820c96bafeba4ce5e35ee284bbffea6a2a1df469987a5184cd3ca
elijah,b0f9fbb00526edbd984f38c1220f303f8f87424d1c33e18f110a001f4adb576a5f1203dc93f61c2985b944725aa1be5b6e356080667e84f32c20ea33d630d6fe
james,466de27c4b93f8cb25a038e682bbafe0ed19b790267efea67bbafe9ae1ab0c71399098faf3ca8d9ca9783e625cb799e162495ca6cd66604ecef1e9131b9189bf
benjamin,c67362b3748ae3b31a4e644b16c028f851d0d08940b72007122a0b15e3db8127d0534d2965a178a8e4a2d6c95732379b52ce343dfdb684cfbdd41cd85f888024
lucas,cedd710aff343a301cebc6090d6aedc2ca77633b06b2501811b66feb6faa09994c131510f500eed433ec8b5d1472028d9d49c5892aad1810bc90aed893c93389
